s3 uri,guest_name,job_name,language_code,vocab_name,categories,channel_identification,max_speakers,show_pii,show_transcript
s3://pse-audio-files/EFRL-1989-05-27-1.mp3,unknown,EFRL-1989-05-27-1,en-US,EFLive-vocab,test-categories,FALSE,10,FALSE,FALSE
s3://pse-audio-files/EFRL-1989-06-03-1.mp3,unknown,EFRL-1989-06-03-1,en-US,EFLive-vocab,test-categories,FALSE,10,FALSE,FALSE
s3://pse-audio-files/EFRL-1989-06-10-1.mp3,unknown,EFRL-1989-06-10-1,en-US,EFLive-vocab,test-categories,FALSE,10,FALSE,FALSE
s3://pse-audio-files/EFRL-1989-06-17-1.mp3,unknown,EFRL-1989-06-17-1,en-US,EFLive-vocab,test-categories,FALSE,10,FALSE,FALSE
s3://pse-audio-files/EFRL-1989-06-24-1.mp3,unknown,EFRL-1989-06-24-1,en-US,EFLive-vocab,test-categories,FALSE,10,FALSE,FALSE
s3://pse-audio-files/EFRL-1989-07-01-1.mp3,unknown,EFRL-1989-07-01-1,en-US,EFLive-vocab,test-categories,FALSE,10,FALSE,FALSE
s3://pse-audio-files/EFRL-1989-07-08-1.mp3,unknown,EFRL-1989-07-08-1,en-US,EFLive-vocab,test-categories,FALSE,10,FALSE,FALSE
s3://pse-audio-files/EFRL-1989-07-15-1.mp3,unknown,EFRL-1989-07-15-1,en-US,EFLive-vocab,test-categories,FALSE,10,FALSE,FALSE
s3://pse-audio-files/EFRL-1989-07-22-1.mp3,unknown,EFRL-1989-07-22-1,en-US,EFLive-vocab,test-categories,FALSE,10,FALSE,FALSE
s3://pse-audio-files/EFRL-1989-07-29-1.mp3,unknown,EFRL-1989-07-29-1,en-US,EFLive-vocab,test-categories,FALSE,10,FALSE,FALSE
s3://pse-audio-files/EFRL-1989-08-05-1.mp3,unknown,EFRL-1989-08-05-1,en-US,EFLive-vocab,test-categories,FALSE,10,FALSE,FALSE
s3://pse-audio-files/EFRL-1989-08-12-1.mp3,unknown,EFRL-1989-08-12-1,en-US,EFLive-vocab,test-categories,FALSE,10,FALSE,FALSE
s3://pse-audio-files/EFRL-1989-08-19-1.mp3,unknown,EFRL-1989-08-19-1,en-US,EFLive-vocab,test-categories,FALSE,10,FALSE,FALSE
s3://pse-audio-files/EFRL-1989-08-26-1.mp3,unknown,EFRL-1989-08-26-1,en-US,EFLive-vocab,test-categories,FALSE,10,FALSE,FALSE
s3://pse-audio-files/EFRL-1989-09-02-1.mp3,unknown,EFRL-1989-09-02-1,en-US,EFLive-vocab,test-categories,FALSE,10,FALSE,FALSE
s3://pse-audio-files/EFRL-1989-09-09-1.mp3,unknown,EFRL-1989-09-09-1,en-US,EFLive-vocab,test-categories,FALSE,10,FALSE,FALSE
s3://pse-audio-files/EFRL-1989-09-16-1.mp3,unknown,EFRL-1989-09-16-1,en-US,EFLive-vocab,test-categories,FALSE,10,FALSE,FALSE
s3://pse-audio-files/EFRL-1989-09-23-1.mp3,unknown,EFRL-1989-09-23-1,en-US,EFLive-vocab,test-categories,FALSE,10,FALSE,FALSE
s3://pse-audio-files/EFRL-1989-09-30-1.mp3,unknown,EFRL-1989-09-30-1,en-US,EFLive-vocab,test-categories,FALSE,10,FALSE,FALSE
s3://pse-audio-files/EFRL-1989-10-07-1.mp3,unknown,EFRL-1989-10-07-1,en-US,EFLive-vocab,test-categories,FALSE,10,FALSE,FALSE
s3://pse-audio-files/EFRL-1989-10-14-1.mp3,unknown,EFRL-1989-10-14-1,en-US,EFLive-vocab,test-categories,FALSE,10,FALSE,FALSE
s3://pse-audio-files/EFRL-1989-10-21-1.mp3,unknown,EFRL-1989-10-21-1,en-US,EFLive-vocab,test-categories,FALSE,10,FALSE,FALSE
s3://pse-audio-files/EFRL-1989-10-28-1.mp3,unknown,EFRL-1989-10-28-1,en-US,EFLive-vocab,test-categories,FALSE,10,FALSE,FALSE
s3://pse-audio-files/EFRL-1989-11-04-1.mp3,unknown,EFRL-1989-11-04-1,en-US,EFLive-vocab,test-categories,FALSE,10,FALSE,FALSE
s3://pse-audio-files/EFRL-1989-11-11-1.mp3,unknown,EFRL-1989-11-11-1,en-US,EFLive-vocab,test-categories,FALSE,10,FALSE,FALSE
s3://pse-audio-files/EFRL-1989-11-18-1.mp3,unknown,EFRL-1989-11-18-1,en-US,EFLive-vocab,test-categories,FALSE,10,FALSE,FALSE
s3://pse-audio-files/EFRL-1989-11-25-1.mp3,unknown,EFRL-1989-11-25-1,en-US,EFLive-vocab,test-categories,FALSE,10,FALSE,FALSE
s3://pse-audio-files/EFRL-1989-12-02-1.mp3,unknown,EFRL-1989-12-02-1,en-US,EFLive-vocab,test-categories,FALSE,10,FALSE,FALSE
s3://pse-audio-files/EFRL-1989-12-09-1.mp3,unknown,EFRL-1989-12-09-1,en-US,EFLive-vocab,test-categories,FALSE,10,FALSE,FALSE
s3://pse-audio-files/EFRL-1989-12-16-1.mp3,unknown,EFRL-1989-12-16-1,en-US,EFLive-vocab,test-categories,FALSE,10,FALSE,FALSE
s3://pse-audio-files/EFRL-1989-12-23-1.mp3,unknown,EFRL-1989-12-23-1,en-US,EFLive-vocab,test-categories,FALSE,10,FALSE,FALSE
s3://pse-audio-files/EFRL-1989-12-30-1.mp3,unknown,EFRL-1989-12-30-1,en-US,EFLive-vocab,test-categories,FALSE,10,FALSE,FALSE
s3://pse-audio-files/EFRL-1990-01-06-1.mp3,unknown,EFRL-1990-01-06-1,en-US,EFLive-vocab,test-categories,FALSE,10,FALSE,FALSE
s3://pse-audio-files/EFRL-1990-01-13-1.mp3,unknown,EFRL-1990-01-13-1,en-US,EFLive-vocab,test-categories,FALSE,10,FALSE,FALSE
s3://pse-audio-files/EFRL-1990-01-20-1.mp3,unknown,EFRL-1990-01-20-1,en-US,EFLive-vocab,test-categories,FALSE,10,FALSE,FALSE
s3://pse-audio-files/EFRL-1990-01-27-1.mp3,unknown,EFRL-1990-01-27-1,en-US,EFLive-vocab,test-categories,FALSE,10,FALSE,FALSE
s3://pse-audio-files/EFRL-1990-02-03-1.mp3,unknown,EFRL-1990-02-03-1,en-US,EFLive-vocab,test-categories,FALSE,10,FALSE,FALSE
s3://pse-audio-files/EFRL-1990-02-10-1.mp3,unknown,EFRL-1990-02-10-1,en-US,EFLive-vocab,test-categories,FALSE,10,FALSE,FALSE
s3://pse-audio-files/EFRL-1990-02-17-1.mp3,unknown,EFRL-1990-02-17-1,en-US,EFLive-vocab,test-categories,FALSE,10,FALSE,FALSE
s3://pse-audio-files/EFRL-1990-02-24-1.mp3,unknown,EFRL-1990-02-24-1,en-US,EFLive-vocab,test-categories,FALSE,10,FALSE,FALSE
s3://pse-audio-files/EFRL-1990-03-03-1.mp3,unknown,EFRL-1990-03-03-1,en-US,EFLive-vocab,test-categories,FALSE,10,FALSE,FALSE
s3://pse-audio-files/EFRL-1990-03-10-1.mp3,unknown,EFRL-1990-03-10-1,en-US,EFLive-vocab,test-categories,FALSE,10,FALSE,FALSE
s3://pse-audio-files/EFRL-1990-03-17-1.mp3,unknown,EFRL-1990-03-17-1,en-US,EFLive-vocab,test-categories,FALSE,10,FALSE,FALSE
s3://pse-audio-files/EFRL-1990-03-24-1.mp3,unknown,EFRL-1990-03-24-1,en-US,EFLive-vocab,test-categories,FALSE,10,FALSE,FALSE
s3://pse-audio-files/EFRL-1990-03-31-1.mp3,unknown,EFRL-1990-03-31-1,en-US,EFLive-vocab,test-categories,FALSE,10,FALSE,FALSE
s3://pse-audio-files/EFRL-1990-04-07-1.mp3,unknown,EFRL-1990-04-07-1,en-US,EFLive-vocab,test-categories,FALSE,10,FALSE,FALSE
s3://pse-audio-files/EFRL-1990-04-14-1.mp3,unknown,EFRL-1990-04-14-1,en-US,EFLive-vocab,test-categories,FALSE,10,FALSE,FALSE
s3://pse-audio-files/EFRL-1990-04-21-1.mp3,unknown,EFRL-1990-04-21-1,en-US,EFLive-vocab,test-categories,FALSE,10,FALSE,FALSE
s3://pse-audio-files/EFRL-1990-04-28-1.mp3,unknown,EFRL-1990-04-28-1,en-US,EFLive-vocab,test-categories,FALSE,10,FALSE,FALSE
s3://pse-audio-files/EFRL-1990-05-05-1.mp3,unknown,EFRL-1990-05-05-1,en-US,EFLive-vocab,test-categories,FALSE,10,FALSE,FALSE
s3://pse-audio-files/EFRL-1990-05-12-1.mp3,unknown,EFRL-1990-05-12-1,en-US,EFLive-vocab,test-categories,FALSE,10,FALSE,FALSE
s3://pse-audio-files/EFRL-1990-05-19-1.mp3,unknown,EFRL-1990-05-19-1,en-US,EFLive-vocab,test-categories,FALSE,10,FALSE,FALSE
s3://pse-audio-files/EFRL-1990-05-26-1.mp3,unknown,EFRL-1990-05-26-1,en-US,EFLive-vocab,test-categories,FALSE,10,FALSE,FALSE
s3://pse-audio-files/EFRL-1990-06-02-1.mp3,unknown,EFRL-1990-06-02-1,en-US,EFLive-vocab,test-categories,FALSE,10,FALSE,FALSE
s3://pse-audio-files/EFRL-1990-06-09-1.mp3,unknown,EFRL-1990-06-09-1,en-US,EFLive-vocab,test-categories,FALSE,10,FALSE,FALSE
s3://pse-audio-files/EFRL-1990-06-16-1.mp3,unknown,EFRL-1990-06-16-1,en-US,EFLive-vocab,test-categories,FALSE,10,FALSE,FALSE
s3://pse-audio-files/EFRL-1990-06-23-1.mp3,unknown,EFRL-1990-06-23-1,en-US,EFLive-vocab,test-categories,FALSE,10,FALSE,FALSE
s3://pse-audio-files/EFRL-1990-06-30-1.mp3,unknown,EFRL-1990-06-30-1,en-US,EFLive-vocab,test-categories,FALSE,10,FALSE,FALSE
s3://pse-audio-files/EFRL-1990-07-07-1.mp3,unknown,EFRL-1990-07-07-1,en-US,EFLive-vocab,test-categories,FALSE,10,FALSE,FALSE
s3://pse-audio-files/EFRL-1990-07-14-1.mp3,unknown,EFRL-1990-07-14-1,en-US,EFLive-vocab,test-categories,FALSE,10,FALSE,FALSE
s3://pse-audio-files/EFRL-1990-07-21-1.mp3,unknown,EFRL-1990-07-21-1,en-US,EFLive-vocab,test-categories,FALSE,10,FALSE,FALSE
s3://pse-audio-files/EFRL-1990-07-28-1.mp3,unknown,EFRL-1990-07-28-1,en-US,EFLive-vocab,test-categories,FALSE,10,FALSE,FALSE
s3://pse-audio-files/EFRL-1990-08-04-1.mp3,unknown,EFRL-1990-08-04-1,en-US,EFLive-vocab,test-categories,FALSE,10,FALSE,FALSE
s3://pse-audio-files/EFRL-1990-08-11-1.mp3,unknown,EFRL-1990-08-11-1,en-US,EFLive-vocab,test-categories,FALSE,10,FALSE,FALSE
s3://pse-audio-files/EFRL-1990-08-18-1.mp3,unknown,EFRL-1990-08-18-1,en-US,EFLive-vocab,test-categories,FALSE,10,FALSE,FALSE
s3://pse-audio-files/EFRL-1990-08-25-1.mp3,unknown,EFRL-1990-08-25-1,en-US,EFLive-vocab,test-categories,FALSE,10,FALSE,FALSE
s3://pse-audio-files/EFRL-1990-09-01-1.mp3,unknown,EFRL-1990-09-01-1,en-US,EFLive-vocab,test-categories,FALSE,10,FALSE,FALSE
s3://pse-audio-files/EFRL-1990-09-08-1.mp3,unknown,EFRL-1990-09-08-1,en-US,EFLive-vocab,test-categories,FALSE,10,FALSE,FALSE
s3://pse-audio-files/EFRL-1990-09-15-1.mp3,unknown,EFRL-1990-09-15-1,en-US,EFLive-vocab,test-categories,FALSE,10,FALSE,FALSE
s3://pse-audio-files/EFRL-1990-09-22-1.mp3,unknown,EFRL-1990-09-22-1,en-US,EFLive-vocab,test-categories,FALSE,10,FALSE,FALSE
s3://pse-audio-files/EFRL-1990-09-29-1.mp3,unknown,EFRL-1990-09-29-1,en-US,EFLive-vocab,test-categories,FALSE,10,FALSE,FALSE
s3://pse-audio-files/EFRL-1990-10-06-1.mp3,unknown,EFRL-1990-10-06-1,en-US,EFLive-vocab,test-categories,FALSE,10,FALSE,FALSE
s3://pse-audio-files/EFRL-1990-10-13-1.mp3,unknown,EFRL-1990-10-13-1,en-US,EFLive-vocab,test-categories,FALSE,10,FALSE,FALSE
s3://pse-audio-files/EFRL-1990-10-20-1.mp3,unknown,EFRL-1990-10-20-1,en-US,EFLive-vocab,test-categories,FALSE,10,FALSE,FALSE
s3://pse-audio-files/EFRL-1990-10-27-1.mp3,unknown,EFRL-1990-10-27-1,en-US,EFLive-vocab,test-categories,FALSE,10,FALSE,FALSE
s3://pse-audio-files/EFRL-1990-11-03-1.mp3,unknown,EFRL-1990-11-03-1,en-US,EFLive-vocab,test-categories,FALSE,10,FALSE,FALSE
s3://pse-audio-files/EFRL-1990-11-10-1.mp3,unknown,EFRL-1990-11-10-1,en-US,EFLive-vocab,test-categories,FALSE,10,FALSE,FALSE
s3://pse-audio-files/EFRL-1990-11-17-1.mp3,unknown,EFRL-1990-11-17-1,en-US,EFLive-vocab,test-categories,FALSE,10,FALSE,FALSE
s3://pse-audio-files/EFRL-1990-11-24-1.mp3,unknown,EFRL-1990-11-24-1,en-US,EFLive-vocab,test-categories,FALSE,10,FALSE,FALSE
s3://pse-audio-files/EFRL-1990-12-01-1.mp3,unknown,EFRL-1990-12-01-1,en-US,EFLive-vocab,test-categories,FALSE,10,FALSE,FALSE
s3://pse-audio-files/EFRL-1990-12-08-1.mp3,unknown,EFRL-1990-12-08-1,en-US,EFLive-vocab,test-categories,FALSE,10,FALSE,FALSE
s3://pse-audio-files/EFRL-1990-12-15-1.mp3,unknown,EFRL-1990-12-15-1,en-US,EFLive-vocab,test-categories,FALSE,10,FALSE,FALSE
s3://pse-audio-files/EFRL-1990-12-22-1.mp3,unknown,EFRL-1990-12-22-1,en-US,EFLive-vocab,test-categories,FALSE,10,FALSE,FALSE
s3://pse-audio-files/EFRL-1990-12-29-1.mp3,unknown,EFRL-1990-12-29-1,en-US,EFLive-vocab,test-categories,FALSE,10,FALSE,FALSE
s3://pse-audio-files/EFRL-1991-01-05-1.mp3,unknown,EFRL-1991-01-05-1,en-US,EFLive-vocab,test-categories,FALSE,10,FALSE,FALSE
s3://pse-audio-files/EFRL-1991-01-12-1.mp3,unknown,EFRL-1991-01-12-1,en-US,EFLive-vocab,test-categories,FALSE,10,FALSE,FALSE
s3://pse-audio-files/EFRL-1991-01-19-1.mp3,unknown,EFRL-1991-01-19-1,en-US,EFLive-vocab,test-categories,FALSE,10,FALSE,FALSE
s3://pse-audio-files/EFRL-1991-01-26-1.mp3,unknown,EFRL-1991-01-26-1,en-US,EFLive-vocab,test-categories,FALSE,10,FALSE,FALSE
s3://pse-audio-files/EFRL-1991-02-02-1.mp3,unknown,EFRL-1991-02-02-1,en-US,EFLive-vocab,test-categories,FALSE,10,FALSE,FALSE
s3://pse-audio-files/EFRL-1991-02-09-1.mp3,unknown,EFRL-1991-02-09-1,en-US,EFLive-vocab,test-categories,FALSE,10,FALSE,FALSE
s3://pse-audio-files/EFRL-1991-02-16-1.mp3,unknown,EFRL-1991-02-16-1,en-US,EFLive-vocab,test-categories,FALSE,10,FALSE,FALSE
s3://pse-audio-files/EFRL-1991-02-23-1.mp3,unknown,EFRL-1991-02-23-1,en-US,EFLive-vocab,test-categories,FALSE,10,FALSE,FALSE
s3://pse-audio-files/EFRL-1991-03-02-1.mp3,unknown,EFRL-1991-03-02-1,en-US,EFLive-vocab,test-categories,FALSE,10,FALSE,FALSE
s3://pse-audio-files/EFRL-1991-03-09-1.mp3,unknown,EFRL-1991-03-09-1,en-US,EFLive-vocab,test-categories,FALSE,10,FALSE,FALSE
s3://pse-audio-files/EFRL-1991-03-16-1.mp3,unknown,EFRL-1991-03-16-1,en-US,EFLive-vocab,test-categories,FALSE,10,FALSE,FALSE
s3://pse-audio-files/EFRL-1991-03-23-1.mp3,unknown,EFRL-1991-03-23-1,en-US,EFLive-vocab,test-categories,FALSE,10,FALSE,FALSE
s3://pse-audio-files/EFRL-1991-03-30-1.mp3,unknown,EFRL-1991-03-30-1,en-US,EFLive-vocab,test-categories,FALSE,10,FALSE,FALSE
s3://pse-audio-files/EFRL-1991-04-06-1.mp3,unknown,EFRL-1991-04-06-1,en-US,EFLive-vocab,test-categories,FALSE,10,FALSE,FALSE
s3://pse-audio-files/EFRL-1991-04-13-1.mp3,unknown,EFRL-1991-04-13-1,en-US,EFLive-vocab,test-categories,FALSE,10,FALSE,FALSE
s3://pse-audio-files/EFRL-1991-04-20-1.mp3,unknown,EFRL-1991-04-20-1,en-US,EFLive-vocab,test-categories,FALSE,10,FALSE,FALSE
s3://pse-audio-files/EFRL-1991-04-27-1.mp3,unknown,EFRL-1991-04-27-1,en-US,EFLive-vocab,test-categories,FALSE,10,FALSE,FALSE
s3://pse-audio-files/EFRL-1991-05-04-1.mp3,unknown,EFRL-1991-05-04-1,en-US,EFLive-vocab,test-categories,FALSE,10,FALSE,FALSE
s3://pse-audio-files/EFRL-1991-05-11-1.mp3,unknown,EFRL-1991-05-11-1,en-US,EFLive-vocab,test-categories,FALSE,10,FALSE,FALSE
s3://pse-audio-files/EFRL-1991-05-18-1.mp3,unknown,EFRL-1991-05-18-1,en-US,EFLive-vocab,test-categories,FALSE,10,FALSE,FALSE
s3://pse-audio-files/EFRL-1991-05-25-1.mp3,unknown,EFRL-1991-05-25-1,en-US,EFLive-vocab,test-categories,FALSE,10,FALSE,FALSE
s3://pse-audio-files/EFRL-1991-06-01-1.mp3,unknown,EFRL-1991-06-01-1,en-US,EFLive-vocab,test-categories,FALSE,10,FALSE,FALSE
s3://pse-audio-files/EFRL-1991-06-08-1.mp3,unknown,EFRL-1991-06-08-1,en-US,EFLive-vocab,test-categories,FALSE,10,FALSE,FALSE
s3://pse-audio-files/EFRL-1991-06-15-1.mp3,unknown,EFRL-1991-06-15-1,en-US,EFLive-vocab,test-categories,FALSE,10,FALSE,FALSE
s3://pse-audio-files/EFRL-1991-06-22-1.mp3,unknown,EFRL-1991-06-22-1,en-US,EFLive-vocab,test-categories,FALSE,10,FALSE,FALSE
s3://pse-audio-files/EFRL-1991-06-29-1.mp3,unknown,EFRL-1991-06-29-1,en-US,EFLive-vocab,test-categories,FALSE,10,FALSE,FALSE
s3://pse-audio-files/EFRL-1991-07-06-1.mp3,unknown,EFRL-1991-07-06-1,en-US,EFLive-vocab,test-categories,FALSE,10,FALSE,FALSE
s3://pse-audio-files/EFRL-1991-07-13-1.mp3,unknown,EFRL-1991-07-13-1,en-US,EFLive-vocab,test-categories,FALSE,10,FALSE,FALSE
s3://pse-audio-files/EFRL-1991-07-20-1.mp3,unknown,EFRL-1991-07-20-1,en-US,EFLive-vocab,test-categories,FALSE,10,FALSE,FALSE
s3://pse-audio-files/EFRL-1991-07-27-1.mp3,unknown,EFRL-1991-07-27-1,en-US,EFLive-vocab,test-categories,FALSE,10,FALSE,FALSE
s3://pse-audio-files/EFRL-1991-08-03-1.mp3,unknown,EFRL-1991-08-03-1,en-US,EFLive-vocab,test-categories,FALSE,10,FALSE,FALSE
s3://pse-audio-files/EFRL-1991-08-10-1.mp3,unknown,EFRL-1991-08-10-1,en-US,EFLive-vocab,test-categories,FALSE,10,FALSE,FALSE
s3://pse-audio-files/EFRL-1991-08-17-1.mp3,unknown,EFRL-1991-08-17-1,en-US,EFLive-vocab,test-categories,FALSE,10,FALSE,FALSE
s3://pse-audio-files/EFRL-1991-08-24-1.mp3,unknown,EFRL-1991-08-24-1,en-US,EFLive-vocab,test-categories,FALSE,10,FALSE,FALSE
s3://pse-audio-files/EFRL-1991-08-31-1.mp3,unknown,EFRL-1991-08-31-1,en-US,EFLive-vocab,test-categories,FALSE,10,FALSE,FALSE
s3://pse-audio-files/EFRL-1991-09-07-1.mp3,unknown,EFRL-1991-09-07-1,en-US,EFLive-vocab,test-categories,FALSE,10,FALSE,FALSE
s3://pse-audio-files/EFRL-1991-09-14-1.mp3,unknown,EFRL-1991-09-14-1,en-US,EFLive-vocab,test-categories,FALSE,10,FALSE,FALSE
s3://pse-audio-files/EFRL-1991-09-21-1.mp3,unknown,EFRL-1991-09-21-1,en-US,EFLive-vocab,test-categories,FALSE,10,FALSE,FALSE
s3://pse-audio-files/EFRL-1991-09-28-1.mp3,unknown,EFRL-1991-09-28-1,en-US,EFLive-vocab,test-categories,FALSE,10,FALSE,FALSE
s3://pse-audio-files/EFRL-1991-10-05-1.mp3,unknown,EFRL-1991-10-05-1,en-US,EFLive-vocab,test-categories,FALSE,10,FALSE,FALSE
s3://pse-audio-files/EFRL-1991-10-12-1.mp3,unknown,EFRL-1991-10-12-1,en-US,EFLive-vocab,test-categories,FALSE,10,FALSE,FALSE
s3://pse-audio-files/EFRL-1991-10-19-1.mp3,unknown,EFRL-1991-10-19-1,en-US,EFLive-vocab,test-categories,FALSE,10,FALSE,FALSE
s3://pse-audio-files/EFRL-1991-10-26-1.mp3,unknown,EFRL-1991-10-26-1,en-US,EFLive-vocab,test-categories,FALSE,10,FALSE,FALSE
s3://pse-audio-files/EFRL-1991-11-02-1.mp3,unknown,EFRL-1991-11-02-1,en-US,EFLive-vocab,test-categories,FALSE,10,FALSE,FALSE
s3://pse-audio-files/EFRL-1991-11-09-1.mp3,unknown,EFRL-1991-11-09-1,en-US,EFLive-vocab,test-categories,FALSE,10,FALSE,FALSE
s3://pse-audio-files/EFRL-1991-11-16-1.mp3,unknown,EFRL-1991-11-16-1,en-US,EFLive-vocab,test-categories,FALSE,10,FALSE,FALSE
s3://pse-audio-files/EFRL-1991-11-23-1.mp3,unknown,EFRL-1991-11-23-1,en-US,EFLive-vocab,test-categories,FALSE,10,FALSE,FALSE
s3://pse-audio-files/EFRL-1991-11-30-1.mp3,unknown,EFRL-1991-11-30-1,en-US,EFLive-vocab,test-categories,FALSE,10,FALSE,FALSE
s3://pse-audio-files/EFRL-1991-12-07-1.mp3,unknown,EFRL-1991-12-07-1,en-US,EFLive-vocab,test-categories,FALSE,10,FALSE,FALSE
s3://pse-audio-files/EFRL-1991-12-14-1.mp3,unknown,EFRL-1991-12-14-1,en-US,EFLive-vocab,test-categories,FALSE,10,FALSE,FALSE
s3://pse-audio-files/EFRL-1991-12-21-1.mp3,unknown,EFRL-1991-12-21-1,en-US,EFLive-vocab,test-categories,FALSE,10,FALSE,FALSE
s3://pse-audio-files/EFRL-1991-12-28-1.mp3,unknown,EFRL-1991-12-28-1,en-US,EFLive-vocab,test-categories,FALSE,10,FALSE,FALSE
s3://pse-audio-files/EFRL-1992-01-04-1.mp3,unknown,EFRL-1992-01-04-1,en-US,EFLive-vocab,test-categories,FALSE,10,FALSE,FALSE
s3://pse-audio-files/EFRL-1992-01-11-1.mp3,unknown,EFRL-1992-01-11-1,en-US,EFLive-vocab,test-categories,FALSE,10,FALSE,FALSE
s3://pse-audio-files/EFRL-1992-01-18-1.mp3,unknown,EFRL-1992-01-18-1,en-US,EFLive-vocab,test-categories,FALSE,10,FALSE,FALSE
s3://pse-audio-files/EFRL-1992-01-25-1.mp3,unknown,EFRL-1992-01-25-1,en-US,EFLive-vocab,test-categories,FALSE,10,FALSE,FALSE
s3://pse-audio-files/EFRL-1992-02-01-1.mp3,unknown,EFRL-1992-02-01-1,en-US,EFLive-vocab,test-categories,FALSE,10,FALSE,FALSE
s3://pse-audio-files/EFRL-1992-02-08-1.mp3,unknown,EFRL-1992-02-08-1,en-US,EFLive-vocab,test-categories,FALSE,10,FALSE,FALSE
s3://pse-audio-files/EFRL-1992-02-15-1.mp3,unknown,EFRL-1992-02-15-1,en-US,EFLive-vocab,test-categories,FALSE,10,FALSE,FALSE
s3://pse-audio-files/EFRL-1992-02-22-1.mp3,unknown,EFRL-1992-02-22-1,en-US,EFLive-vocab,test-categories,FALSE,10,FALSE,FALSE
s3://pse-audio-files/EFRL-1992-02-29-1.mp3,unknown,EFRL-1992-02-29-1,en-US,EFLive-vocab,test-categories,FALSE,10,FALSE,FALSE
s3://pse-audio-files/EFRL-1992-03-07-1.mp3,unknown,EFRL-1992-03-07-1,en-US,EFLive-vocab,test-categories,FALSE,10,FALSE,FALSE
s3://pse-audio-files/EFRL-1992-03-14-1.mp3,unknown,EFRL-1992-03-14-1,en-US,EFLive-vocab,test-categories,FALSE,10,FALSE,FALSE
s3://pse-audio-files/EFRL-1992-03-21-1.mp3,unknown,EFRL-1992-03-21-1,en-US,EFLive-vocab,test-categories,FALSE,10,FALSE,FALSE
s3://pse-audio-files/EFRL-1992-03-28-1.mp3,unknown,EFRL-1992-03-28-1,en-US,EFLive-vocab,test-categories,FALSE,10,FALSE,FALSE
s3://pse-audio-files/EFRL-1992-04-04-1.mp3,unknown,EFRL-1992-04-04-1,en-US,EFLive-vocab,test-categories,FALSE,10,FALSE,FALSE
s3://pse-audio-files/EFRL-1992-04-11-1.mp3,unknown,EFRL-1992-04-11-1,en-US,EFLive-vocab,test-categories,FALSE,10,FALSE,FALSE
s3://pse-audio-files/EFRL-1992-04-18-1.mp3,unknown,EFRL-1992-04-18-1,en-US,EFLive-vocab,test-categories,FALSE,10,FALSE,FALSE
s3://pse-audio-files/EFRL-1992-04-25-1.mp3,unknown,EFRL-1992-04-25-1,en-US,EFLive-vocab,test-categories,FALSE,10,FALSE,FALSE
s3://pse-audio-files/EFRL-1992-05-02-1.mp3,unknown,EFRL-1992-05-02-1,en-US,EFLive-vocab,test-categories,FALSE,10,FALSE,FALSE
s3://pse-audio-files/EFRL-1992-05-09-1.mp3,unknown,EFRL-1992-05-09-1,en-US,EFLive-vocab,test-categories,FALSE,10,FALSE,FALSE
s3://pse-audio-files/EFRL-1992-05-16-1.mp3,unknown,EFRL-1992-05-16-1,en-US,EFLive-vocab,test-categories,FALSE,10,FALSE,FALSE
s3://pse-audio-files/EFRL-1992-05-23-1.mp3,unknown,EFRL-1992-05-23-1,en-US,EFLive-vocab,test-categories,FALSE,10,FALSE,FALSE
s3://pse-audio-files/EFRL-1992-05-30-1.mp3,unknown,EFRL-1992-05-30-1,en-US,EFLive-vocab,test-categories,FALSE,10,FALSE,FALSE
s3://pse-audio-files/EFRL-1992-06-06-1.mp3,unknown,EFRL-1992-06-06-1,en-US,EFLive-vocab,test-categories,FALSE,10,FALSE,FALSE
s3://pse-audio-files/EFRL-1992-06-13-1.mp3,unknown,EFRL-1992-06-13-1,en-US,EFLive-vocab,test-categories,FALSE,10,FALSE,FALSE
s3://pse-audio-files/EFRL-1992-06-20-1.mp3,unknown,EFRL-1992-06-20-1,en-US,EFLive-vocab,test-categories,FALSE,10,FALSE,FALSE
s3://pse-audio-files/EFRL-1992-06-27-1.mp3,unknown,EFRL-1992-06-27-1,en-US,EFLive-vocab,test-categories,FALSE,10,FALSE,FALSE
s3://pse-audio-files/EFRL-1992-07-04-1.mp3,unknown,EFRL-1992-07-04-1,en-US,EFLive-vocab,test-categories,FALSE,10,FALSE,FALSE
s3://pse-audio-files/EFRL-1992-07-11-1.mp3,unknown,EFRL-1992-07-11-1,en-US,EFLive-vocab,test-categories,FALSE,10,FALSE,FALSE
s3://pse-audio-files/EFRL-1992-07-18-1.mp3,unknown,EFRL-1992-07-18-1,en-US,EFLive-vocab,test-categories,FALSE,10,FALSE,FALSE
s3://pse-audio-files/EFRL-1992-07-25-1.mp3,unknown,EFRL-1992-07-25-1,en-US,EFLive-vocab,test-categories,FALSE,10,FALSE,FALSE
s3://pse-audio-files/EFRL-1992-08-01-1.mp3,unknown,EFRL-1992-08-01-1,en-US,EFLive-vocab,test-categories,FALSE,10,FALSE,FALSE
s3://pse-audio-files/EFRL-1992-08-08-1.mp3,unknown,EFRL-1992-08-08-1,en-US,EFLive-vocab,test-categories,FALSE,10,FALSE,FALSE
s3://pse-audio-files/EFRL-1992-08-15-1.mp3,unknown,EFRL-1992-08-15-1,en-US,EFLive-vocab,test-categories,FALSE,10,FALSE,FALSE
s3://pse-audio-files/EFRL-1992-08-22-1.mp3,unknown,EFRL-1992-08-22-1,en-US,EFLive-vocab,test-categories,FALSE,10,FALSE,FALSE
s3://pse-audio-files/EFRL-1992-08-29-1.mp3,unknown,EFRL-1992-08-29-1,en-US,EFLive-vocab,test-categories,FALSE,10,FALSE,FALSE
s3://pse-audio-files/EFRL-1992-09-05-1.mp3,unknown,EFRL-1992-09-05-1,en-US,EFLive-vocab,test-categories,FALSE,10,FALSE,FALSE
s3://pse-audio-files/EFRL-1992-09-12-1.mp3,unknown,EFRL-1992-09-12-1,en-US,EFLive-vocab,test-categories,FALSE,10,FALSE,FALSE
s3://pse-audio-files/EFRL-1992-09-19-1.mp3,unknown,EFRL-1992-09-19-1,en-US,EFLive-vocab,test-categories,FALSE,10,FALSE,FALSE
s3://pse-audio-files/EFRL-1992-09-26-1.mp3,unknown,EFRL-1992-09-26-1,en-US,EFLive-vocab,test-categories,FALSE,10,FALSE,FALSE
s3://pse-audio-files/EFRL-1992-10-03-1.mp3,unknown,EFRL-1992-10-03-1,en-US,EFLive-vocab,test-categories,FALSE,10,FALSE,FALSE
s3://pse-audio-files/EFRL-1992-10-10-1.mp3,unknown,EFRL-1992-10-10-1,en-US,EFLive-vocab,test-categories,FALSE,10,FALSE,FALSE
s3://pse-audio-files/EFRL-1992-10-17-1.mp3,unknown,EFRL-1992-10-17-1,en-US,EFLive-vocab,test-categories,FALSE,10,FALSE,FALSE
s3://pse-audio-files/EFRL-1992-10-24-1.mp3,unknown,EFRL-1992-10-24-1,en-US,EFLive-vocab,test-categories,FALSE,10,FALSE,FALSE
s3://pse-audio-files/EFRL-1992-10-31-1.mp3,unknown,EFRL-1992-10-31-1,en-US,EFLive-vocab,test-categories,FALSE,10,FALSE,FALSE
s3://pse-audio-files/EFRL-1992-11-07-1.mp3,unknown,EFRL-1992-11-07-1,en-US,EFLive-vocab,test-categories,FALSE,10,FALSE,FALSE
s3://pse-audio-files/EFRL-1992-11-14-1.mp3,unknown,EFRL-1992-11-14-1,en-US,EFLive-vocab,test-categories,FALSE,10,FALSE,FALSE
s3://pse-audio-files/EFRL-1992-11-21-1.mp3,unknown,EFRL-1992-11-21-1,en-US,EFLive-vocab,test-categories,FALSE,10,FALSE,FALSE
s3://pse-audio-files/EFRL-1992-11-28-1.mp3,unknown,EFRL-1992-11-28-1,en-US,EFLive-vocab,test-categories,FALSE,10,FALSE,FALSE
s3://pse-audio-files/EFRL-1992-12-05-1.mp3,unknown,EFRL-1992-12-05-1,en-US,EFLive-vocab,test-categories,FALSE,10,FALSE,FALSE
s3://pse-audio-files/EFRL-1992-12-12-1.mp3,unknown,EFRL-1992-12-12-1,en-US,EFLive-vocab,test-categories,FALSE,10,FALSE,FALSE
s3://pse-audio-files/EFRL-1992-12-19-1.mp3,unknown,EFRL-1992-12-19-1,en-US,EFLive-vocab,test-categories,FALSE,10,FALSE,FALSE
s3://pse-audio-files/EFRL-1992-12-26-1.mp3,unknown,EFRL-1992-12-26-1,en-US,EFLive-vocab,test-categories,FALSE,10,FALSE,FALSE
s3://pse-audio-files/EFRL-1993-01-02-1.mp3,unknown,EFRL-1993-01-02-1,en-US,EFLive-vocab,test-categories,FALSE,10,FALSE,FALSE
s3://pse-audio-files/EFRL-1993-01-09-1.mp3,unknown,EFRL-1993-01-09-1,en-US,EFLive-vocab,test-categories,FALSE,10,FALSE,FALSE
s3://pse-audio-files/EFRL-1993-01-16-1.mp3,unknown,EFRL-1993-01-16-1,en-US,EFLive-vocab,test-categories,FALSE,10,FALSE,FALSE
s3://pse-audio-files/EFRL-1993-01-23-1.mp3,unknown,EFRL-1993-01-23-1,en-US,EFLive-vocab,test-categories,FALSE,10,FALSE,FALSE
s3://pse-audio-files/EFRL-1993-01-30-1.mp3,unknown,EFRL-1993-01-30-1,en-US,EFLive-vocab,test-categories,FALSE,10,FALSE,FALSE
s3://pse-audio-files/EFRL-1993-02-06-1.mp3,unknown,EFRL-1993-02-06-1,en-US,EFLive-vocab,test-categories,FALSE,10,FALSE,FALSE
s3://pse-audio-files/EFRL-1993-02-13-1.mp3,unknown,EFRL-1993-02-13-1,en-US,EFLive-vocab,test-categories,FALSE,10,FALSE,FALSE
s3://pse-audio-files/EFRL-1993-02-20-1.mp3,unknown,EFRL-1993-02-20-1,en-US,EFLive-vocab,test-categories,FALSE,10,FALSE,FALSE
s3://pse-audio-files/EFRL-1993-02-27-1.mp3,unknown,EFRL-1993-02-27-1,en-US,EFLive-vocab,test-categories,FALSE,10,FALSE,FALSE
s3://pse-audio-files/EFRL-1993-03-06-1.mp3,unknown,EFRL-1993-03-06-1,en-US,EFLive-vocab,test-categories,FALSE,10,FALSE,FALSE
s3://pse-audio-files/EFRL-1993-03-13-1.mp3,unknown,EFRL-1993-03-13-1,en-US,EFLive-vocab,test-categories,FALSE,10,FALSE,FALSE
s3://pse-audio-files/EFRL-1993-03-20-1.mp3,unknown,EFRL-1993-03-20-1,en-US,EFLive-vocab,test-categories,FALSE,10,FALSE,FALSE
s3://pse-audio-files/EFRL-1993-03-27-1.mp3,unknown,EFRL-1993-03-27-1,en-US,EFLive-vocab,test-categories,FALSE,10,FALSE,FALSE
s3://pse-audio-files/EFRL-1993-04-03-1.mp3,unknown,EFRL-1993-04-03-1,en-US,EFLive-vocab,test-categories,FALSE,10,FALSE,FALSE
s3://pse-audio-files/EFRL-1993-04-10-1.mp3,unknown,EFRL-1993-04-10-1,en-US,EFLive-vocab,test-categories,FALSE,10,FALSE,FALSE
s3://pse-audio-files/EFRL-1993-04-17-1.mp3,unknown,EFRL-1993-04-17-1,en-US,EFLive-vocab,test-categories,FALSE,10,FALSE,FALSE
s3://pse-audio-files/EFRL-1993-04-24-1.mp3,unknown,EFRL-1993-04-24-1,en-US,EFLive-vocab,test-categories,FALSE,10,FALSE,FALSE
s3://pse-audio-files/EFRL-1993-05-01-1.mp3,unknown,EFRL-1993-05-01-1,en-US,EFLive-vocab,test-categories,FALSE,10,FALSE,FALSE
s3://pse-audio-files/EFRL-1993-05-08-1.mp3,unknown,EFRL-1993-05-08-1,en-US,EFLive-vocab,test-categories,FALSE,10,FALSE,FALSE
s3://pse-audio-files/EFRL-1993-05-15-1.mp3,unknown,EFRL-1993-05-15-1,en-US,EFLive-vocab,test-categories,FALSE,10,FALSE,FALSE
s3://pse-audio-files/EFRL-1993-05-22-1.mp3,unknown,EFRL-1993-05-22-1,en-US,EFLive-vocab,test-categories,FALSE,10,FALSE,FALSE
s3://pse-audio-files/EFRL-1993-05-29-1.mp3,unknown,EFRL-1993-05-29-1,en-US,EFLive-vocab,test-categories,FALSE,10,FALSE,FALSE
s3://pse-audio-files/EFRL-1993-06-05-1.mp3,unknown,EFRL-1993-06-05-1,en-US,EFLive-vocab,test-categories,FALSE,10,FALSE,FALSE
s3://pse-audio-files/EFRL-1993-06-12-1.mp3,unknown,EFRL-1993-06-12-1,en-US,EFLive-vocab,test-categories,FALSE,10,FALSE,FALSE
s3://pse-audio-files/EFRL-1993-06-19-1.mp3,unknown,EFRL-1993-06-19-1,en-US,EFLive-vocab,test-categories,FALSE,10,FALSE,FALSE
s3://pse-audio-files/EFRL-1993-06-26-1.mp3,unknown,EFRL-1993-06-26-1,en-US,EFLive-vocab,test-categories,FALSE,10,FALSE,FALSE
s3://pse-audio-files/EFRL-1993-07-03-1.mp3,unknown,EFRL-1993-07-03-1,en-US,EFLive-vocab,test-categories,FALSE,10,FALSE,FALSE
s3://pse-audio-files/EFRL-1993-07-10-1.mp3,unknown,EFRL-1993-07-10-1,en-US,EFLive-vocab,test-categories,FALSE,10,FALSE,FALSE
s3://pse-audio-files/EFRL-1993-07-17-1.mp3,unknown,EFRL-1993-07-17-1,en-US,EFLive-vocab,test-categories,FALSE,10,FALSE,FALSE
s3://pse-audio-files/EFRL-1993-07-24-1.mp3,unknown,EFRL-1993-07-24-1,en-US,EFLive-vocab,test-categories,FALSE,10,FALSE,FALSE
s3://pse-audio-files/EFRL-1993-07-31-1.mp3,unknown,EFRL-1993-07-31-1,en-US,EFLive-vocab,test-categories,FALSE,10,FALSE,FALSE
s3://pse-audio-files/EFRL-1993-08-07-1.mp3,unknown,EFRL-1993-08-07-1,en-US,EFLive-vocab,test-categories,FALSE,10,FALSE,FALSE
s3://pse-audio-files/EFRL-1993-08-14-1.mp3,unknown,EFRL-1993-08-14-1,en-US,EFLive-vocab,test-categories,FALSE,10,FALSE,FALSE
s3://pse-audio-files/EFRL-1993-08-21-1.mp3,unknown,EFRL-1993-08-21-1,en-US,EFLive-vocab,test-categories,FALSE,10,FALSE,FALSE
s3://pse-audio-files/EFRL-1993-08-28-1.mp3,unknown,EFRL-1993-08-28-1,en-US,EFLive-vocab,test-categories,FALSE,10,FALSE,FALSE
s3://pse-audio-files/EFRL-1993-09-04-1.mp3,unknown,EFRL-1993-09-04-1,en-US,EFLive-vocab,test-categories,FALSE,10,FALSE,FALSE
s3://pse-audio-files/EFRL-1993-09-11-1.mp3,unknown,EFRL-1993-09-11-1,en-US,EFLive-vocab,test-categories,FALSE,10,FALSE,FALSE
s3://pse-audio-files/EFRL-1993-09-18-1.mp3,unknown,EFRL-1993-09-18-1,en-US,EFLive-vocab,test-categories,FALSE,10,FALSE,FALSE
s3://pse-audio-files/EFRL-1993-09-25-1.mp3,unknown,EFRL-1993-09-25-1,en-US,EFLive-vocab,test-categories,FALSE,10,FALSE,FALSE
s3://pse-audio-files/EFRL-1993-10-02-1.mp3,unknown,EFRL-1993-10-02-1,en-US,EFLive-vocab,test-categories,FALSE,10,FALSE,FALSE
s3://pse-audio-files/EFRL-1993-10-09-1.mp3,unknown,EFRL-1993-10-09-1,en-US,EFLive-vocab,test-categories,FALSE,10,FALSE,FALSE
s3://pse-audio-files/EFRL-1993-10-16-1.mp3,unknown,EFRL-1993-10-16-1,en-US,EFLive-vocab,test-categories,FALSE,10,FALSE,FALSE
s3://pse-audio-files/EFRL-1993-10-23-1.mp3,unknown,EFRL-1993-10-23-1,en-US,EFLive-vocab,test-categories,FALSE,10,FALSE,FALSE
s3://pse-audio-files/EFRL-1993-10-30-1.mp3,unknown,EFRL-1993-10-30-1,en-US,EFLive-vocab,test-categories,FALSE,10,FALSE,FALSE
s3://pse-audio-files/EFRL-1993-11-06-1.mp3,unknown,EFRL-1993-11-06-1,en-US,EFLive-vocab,test-categories,FALSE,10,FALSE,FALSE
s3://pse-audio-files/EFRL-1993-11-13-1.mp3,unknown,EFRL-1993-11-13-1,en-US,EFLive-vocab,test-categories,FALSE,10,FALSE,FALSE
s3://pse-audio-files/EFRL-1993-11-20-1.mp3,unknown,EFRL-1993-11-20-1,en-US,EFLive-vocab,test-categories,FALSE,10,FALSE,FALSE
s3://pse-audio-files/EFRL-1993-11-27-1.mp3,unknown,EFRL-1993-11-27-1,en-US,EFLive-vocab,test-categories,FALSE,10,FALSE,FALSE
s3://pse-audio-files/EFRL-1993-12-04-1.mp3,unknown,EFRL-1993-12-04-1,en-US,EFLive-vocab,test-categories,FALSE,10,FALSE,FALSE
s3://pse-audio-files/EFRL-1993-12-11-1.mp3,unknown,EFRL-1993-12-11-1,en-US,EFLive-vocab,test-categories,FALSE,10,FALSE,FALSE
s3://pse-audio-files/EFRL-1993-12-18-1.mp3,unknown,EFRL-1993-12-18-1,en-US,EFLive-vocab,test-categories,FALSE,10,FALSE,FALSE
s3://pse-audio-files/EFRL-1993-12-25-1.mp3,unknown,EFRL-1993-12-25-1,en-US,EFLive-vocab,test-categories,FALSE,10,FALSE,FALSE